Nombre,Primer Apellido,Segundo Apellido,Ciclo,Curso
María,Torres,Vázquez,ASIR,Primero
Carlos,Jiménez,Sánchez,ASIR,Primero
Daniel,Moreno,Romero,ASIR,Primero
Ana,Castro,Vázquez,ASIR,Primero
Laura,Torres,Jiménez,ASIR,Primero
Lucía,Jiménez,Navarro,ASIR,Primero
José,Álvarez,Sánchez,ASIR,Primero
José,Castro,Castro,ASIR,Primero
Claudia,Domínguez,Díaz,ASIR,Primero
Miguel,Martínez,Álvarez,ASIR,Primero
Carmen,Díaz,Romero,ASIR,Primero
Luis,Ruiz,Ramos,ASIR,Primero
Carmen,Díaz,García,ASIR,Primero
Daniel,Martínez,Álvarez,ASIR,Primero
Sara,Sánchez,Castro,ASIR,Primero
Javier,Torres,Díaz,ASIR,Primero
Carmen,Torres,Castro,ASIR,Primero
Carlos,Castro,Pérez,ASIR,Primero
Daniel,Vázquez,García,ASIR,Primero
David,García,Ramos,ASIR,Primero
Lucía,Suárez,Navarro,ASIR,Primero
Javier,Ramos,Navarro,ASIR,Primero
Javier,García,Hernández,ASIR,Primero
Daniel,Díaz,Suárez,ASIR,Primero
Javier,Sánchez,Domínguez,ASIR,Primero
Carmen,Suárez,Martínez,ASIR,Primero
David,Domínguez,Navarro,ASIR,Primero
José,Moreno,Torres,ASIR,Primero
Raúl,Romero,Suárez,ASIR,Primero
Raúl,Castro,Pérez,ASIR,Primero
Manuel,Hernández,Vázquez,ASIR,Segundo
María,Gómez,Torres,ASIR,Segundo
Pablo,Domínguez,Vázquez,ASIR,Segundo
Javier,Moreno,Navarro,ASIR,Segundo
Manuel,Moreno,Moreno,ASIR,Segundo
Carmen,Domínguez,Gómez,ASIR,Segundo
Carlos,Torres,López,ASIR,Segundo
Miguel,Gómez,Romero,ASIR,Segundo
David,Ramos,Díaz,ASIR,Segundo
Claudia,Suárez,Ruiz,ASIR,Segundo
José,Ruiz,Castro,ASIR,Segundo
Javier,Romero,Pérez,ASIR,Segundo
Elena,Hernández,Domínguez,ASIR,Segundo
Miguel,Jiménez,Pérez,ASIR,Segundo
Daniel,Navarro,García,ASIR,Segundo
Manuel,López,Hernández,SMR,Primero
María,Navarro,Díaz,SMR,Primero
Pablo,Jiménez,Domínguez,SMR,Primero
Pablo,Domínguez,Martínez,SMR,Primero
Ana,Domínguez,Pérez,SMR,Primero
Luis,Álvarez,Ramos,SMR,Primero
Patricia,Hernández,Hernández,SMR,Primero
Manuel,Navarro,Moreno,SMR,Primero
Claudia,Castro,Ramos,SMR,Primero
Elena,Domínguez,Hernández,SMR,Primero
Daniel,Martínez,Romero,SMR,Primero
Carmen,Martínez,Ramos,SMR,Primero
Ana,Moreno,Domínguez,SMR,Primero
Pablo,Hernández,Gómez,SMR,Primero
David,Castro,Jiménez,SMR,Primero
Carmen,López,Martínez,SMR,Primero
Miguel,Castro,Moreno,SMR,Primero
Javier,Castro,Álvarez,SMR,Primero
Carlos,Torres,Domínguez,SMR,Primero
Laura,Ruiz,Álvarez,SMR,Primero
Claudia,Domínguez,Hernández,SMR,Primero
Sofía,Moreno,Pérez,SMR,Primero
David,López,Martínez,SMR,Primero
Sara,Romero,Gómez,SMR,Primero
José,Sánchez,Álvarez,SMR,Primero
María,Ruiz,Ruiz,SMR,Primero
Ana,Suárez,Ramos,SMR,Primero
Laura,Díaz,García,SMR,Primero
Carmen,Jiménez,López,SMR,Primero
Carlos,Gómez,Ruiz,SMR,Primero
Javier,Torres,Navarro,SMR,Segundo
David,Álvarez,Ruiz,SMR,Segundo
Javier,García,Gómez,SMR,Segundo
Laura,Romero,Moreno,SMR,Segundo
David,Navarro,Díaz,SMR,Segundo
Claudia,Jiménez,Suárez,SMR,Segundo
Sara,Torres,Gómez,SMR,Segundo
Javier,López,López,SMR,Segundo
Luis,Díaz,Torres,SMR,Segundo
Patricia,Díaz,Castro,SMR,Segundo
Carlos,García,Jiménez,SMR,Segundo
Ana,Romero,Suárez,SMR,Segundo
David,Sánchez,Moreno,SMR,Segundo
Elena,Romero,Torres,SMR,Segundo
Manuel,Suárez,Castro,SMR,Segundo
Javier,Romero,Romero,DAM,Primero
Miguel,Gómez,Sánchez,DAM,Primero
Luis,Álvarez,Vázquez,DAM,Primero
Luis,Suárez,Torres,DAM,Primero
Claudia,Domínguez,Castro,DAM,Primero
Patricia,Suárez,García,DAM,Primero
Luis,Domínguez,Torres,DAM,Primero
Carmen,Domínguez,Domínguez,DAM,Primero
Miguel,Gómez,Navarro,DAM,Primero
David,Domínguez,Domínguez,DAM,Primero
José,Martínez,Sánchez,DAM,Primero
Laura,Domínguez,López,DAM,Primero
Daniel,Navarro,Moreno,DAM,Primero
Claudia,Díaz,Navarro,DAM,Primero
Raúl,García,Sánchez,DAM,Primero
Javier,Hernández,Navarro,DAM,Primero
Pablo,Moreno,Navarro,DAM,Primero
Patricia,Navarro,Álvarez,DAM,Primero
Ana,Hernández,Pérez,DAM,Primero
Miguel,Castro,Romero,DAM,Primero
Carlos,Hernández,Hernández,DAM,Primero
David,Moreno,Torres,DAM,Primero
Carlos,Romero,Martínez,DAM,Primero
Daniel,Moreno,Hernández,DAM,Primero
Miguel,Gómez,Martínez,DAM,Primero
Pablo,Sánchez,Álvarez,DAM,Primero
Raúl,Domínguez,Moreno,DAM,Primero
Claudia,López,Sánchez,DAM,Primero
David,García,Gómez,DAM,Primero
Ana,Hernández,Torres,DAM,Primero
Carmen,Hernández,Romero,DAM,Segundo
María,Domínguez,López,DAM,Segundo
Pablo,Navarro,Torres,DAM,Segundo
David,López,Jiménez,DAM,Segundo
Patricia,Gómez,Ramos,DAM,Segundo
Miguel,Domínguez,Ramos,DAM,Segundo
Claudia,Navarro,Jiménez,DAM,Segundo
Ana,Martínez,Sánchez,DAM,Segundo
Sara,Hernández,Moreno,DAM,Segundo
María,Ruiz,Navarro,DAM,Segundo
Ana,Álvarez,Navarro,DAM,Segundo
Lucía,Moreno,Vázquez,DAM,Segundo
Carlos,Gómez,Romero,DAM,Segundo
Carlos,Navarro,Domínguez,DAM,Segundo
Ana,Jiménez,Castro,DAM,Segundo
Lucía,Romero,López,DAW,Primero
Pablo,López,Pérez,DAW,Primero
Pablo,López,Ramos,DAW,Primero
María,Gómez,Álvarez,DAW,Primero
José,Romero,García,DAW,Primero
Daniel,Navarro,Romero,DAW,Primero
Claudia,Navarro,López,DAW,Primero
Luis,García,Álvarez,DAW,Primero
Patricia,Jiménez,Pérez,DAW,Primero
Sofía,Suárez,Gómez,DAW,Primero
Pablo,Jiménez,Gómez,DAW,Primero
Miguel,Díaz,Navarro,DAW,Primero
Patricia,Álvarez,Castro,DAW,Primero
Raúl,Ramos,Suárez,DAW,Primero
José,Díaz,Romero,DAW,Primero
Ana,Hernández,Vázquez,DAW,Primero
Pablo,Jiménez,Ruiz,DAW,Primero
Sara,Navarro,Torres,DAW,Primero
María,Romero,Suárez,DAW,Primero
Manuel,Ramos,Ramos,DAW,Primero
Laura,Moreno,López,DAW,Primero
María,Torres,Álvarez,DAW,Primero
David,Jiménez,Torres,DAW,Primero
Claudia,Gómez,Hernández,DAW,Primero
Luis,Martínez,Domínguez,DAW,Primero
Daniel,Vázquez,Hernández,DAW,Primero
Carlos,Sánchez,Sánchez,DAW,Primero
Miguel,Hernández,Pérez,DAW,Primero
Sara,Romero,Ruiz,DAW,Primero
Elena,Navarro,Pérez,DAW,Primero
Pablo,Pérez,Ruiz,DAW,Segundo
Ana,Gómez,Álvarez,DAW,Segundo
Claudia,Gómez,Suárez,DAW,Segundo
José,Ramos,Domínguez,DAW,Segundo
Elena,Romero,Domínguez,DAW,Segundo
Pablo,Sánchez,Vázquez,DAW,Segundo
Sara,Pérez,Martínez,DAW,Segundo
Lucía,Romero,Ramos,DAW,Segundo
Carlos,Hernández,Sánchez,DAW,Segundo
Javier,Castro,Domínguez,DAW,Segundo
Javier,Navarro,Díaz,DAW,Segundo
María,Sánchez,Sánchez,DAW,Segundo
Miguel,Suárez,Suárez,DAW,Segundo
José,Ramos,Álvarez,DAW,Segundo
María,Hernández,Álvarez,DAW,Segundo
